{
    "d_loss": [
        0.725811243057251,
        0.7060412168502808,
        0.7030894160270691,
        0.6967360973358154,
        0.6948223114013672,
        0.6938507556915283,
        0.6934609413146973,
        0.6933125257492065
    ],
    "g_loss": [
        0.627612829208374,
        0.6346992254257202,
        0.6583482623100281,
        0.667593240737915,
        0.6764630079269409,
        0.6833589673042297,
        0.6874344944953918,
        0.6894218921661377
    ]
}