{"d_loss": [0.6931468844413757], "g_loss": [0.6931474208831787]}